batch_size,throughput,p90_ms,p99_ms,mean_ms,num_images
16,1972.5058362694676,81.50820732116699,95.08231878280641,64.85939934539795,1000000
